{
  "path" : "tiles/47/P/QS/2021/4/1/0",
  "timestamp" : "2021-04-01T03:54:06.566Z",
  "utmZone" : 47,
  "latitudeBand" : "P",
  "gridSquare" : "QS",
  "datastrip" : {
    "id" : "S2B_OPER_MSI_L2A_DS_VGS1_20210401T080138_S20210401T035039_N03.00",
    "path" : "products/2021/4/1/S2B_MSIL2A_20210401T033539_N0300_R061_T47PQS_20210401T080138/datastrip/0"
  },
  "tileGeometry" : {
    "type" : "Polygon",
    "crs" : {
      "type" : "name",
      "properties" : {
        "name" : "urn:ogc:def:crs:EPSG:8.8.1:32647"
      }
    },
    "coordinates" : [ [ [ 699960.0, 1700040.0 ], [ 809760.0, 1700040.0 ], [ 809760.0, 1590240.0 ], [ 699960.0, 1590240.0 ], [ 699960.0, 1700040.0 ] ] ]
  },
  "tileDataGeometry" : {
    "type" : "Polygon",
    "crs" : {
      "type" : "name",
      "properties" : {
        "name" : "urn:ogc:def:crs:EPSG:8.8.1:32647"
      }
    },
    "coordinates" : [ [ [ 699961.0, 1700039.0 ], [ 809759.0, 1700039.0 ], [ 809759.0, 1590241.0 ], [ 699961.0, 1590241.0 ], [ 699961.0, 1700039.0 ] ] ]
  },
  "tileOrigin" : {
    "type" : "Point",
    "crs" : {
      "type" : "name",
      "properties" : {
        "name" : "urn:ogc:def:crs:EPSG:8.8.1:32647"
      }
    },
    "coordinates" : [ 699960.0, 1700040.0 ]
  },
  "dataCoveragePercentage" : 100.0,
  "cloudyPixelPercentage" : 0.0,
  "productName" : "S2B_MSIL2A_20210401T033539_N0300_R061_T47PQS_20210401T080138",
  "productPath" : "products/2021/4/1/S2B_MSIL2A_20210401T033539_N0300_R061_T47PQS_20210401T080138"
}